Method,Basis,E(DBT)[Ha],E(DBT-O)[Ha],dE_ox[Ha],CPU_time[s]
RHF,STO-3G,-846.70638670,-920.36154655,-73.65515985,2.45
ωB97X-D,6-31G*,-860.15018691,-935.28458445,-75.13439754,200.00
CCSD(T),6-31G*,-858.4061282757231,-933.3817126507129,-74.9755843749898,8525.00
